{"fold 1": {"train loss": [4.031365344848697, 3.2181128421250498, 1.6614054252996149, 0.5638942579629227, 0.2739679459071556, 0.17135324844446792, 0.12633270622908976, 0.10367176729863894, 0.09729592480717285, 0.09373665736775905], "train acc": [0.0477941176470588, 0.1365607766544118, 0.5537683823529411, 0.8512321920955883, 0.9278492647058824, 0.9558249080882353, 0.9671128216911768, 0.9728285845588235, 0.9746668198529411, 0.9751838235294118], "val loss": [3.5637124128201427, 2.307490983430075, 0.5380972266635472, 0.1699030283728943, 0.08156247636960708, 0.05032853486345094, 0.03726115111973792, 0.031531796763267596, 0.028391487492412767, 0.029294455286991948], "val acc": [0.08424862134544289, 0.38321461418972297, 0.8708065261735636, 0.9634574147708276, 0.9840839465751368, 0.9899433215751368, 0.9927581193692544, 0.9939070164280779, 0.995228248045725, 0.9949410237810191]}}