{"fold 1": {"train loss": [3.3660605273702564, 3.2071275474394065, 2.476190954337227, 1.8628500759163327, 1.4114651817499702, 1.0775753636570526, 0.8336964959059568, 0.6676788715755236, 0.5480626243824029, 0.45106400580912387, 0.3806159085155847, 0.3150607708718297, 0.27699960872311796, 0.23701761351720266, 0.2112466070239487, 0.1828949524086269, 0.16366186556714482, 0.1499211082657842, 0.1369837807244894, 0.13962694904116435], "train acc": [0.04431870404411766, 0.09353458180147067, 0.26934455422794107, 0.44034352022058815, 0.5669088924632351, 0.6673368566176463, 0.7397317325367648, 0.7889763327205882, 0.8257841222426474, 0.8564022288602944, 0.8782169117647055, 0.8978630514705883, 0.9098690257352943, 0.9234403722426471, 0.9320571001838236, 0.9404153262867652, 0.9464901194852937, 0.9513154871323527, 0.9552217371323529, 0.9557531020220589], "val loss": [3.355581020607668, 2.877432099160026, 1.9856561518767302, 1.4771664107547091, 1.092096996219719, 0.7747574078247828, 0.5221370033481546, 0.40666332161601865, 0.2998031361357253, 0.24206920702229529, 0.20365550106062608, 0.13315614460803135, 0.12492322617703493, 0.10338472281856571, 0.08625203497050439, 0.07049480773618118, 0.06076781894765137, 0.05170392028658705, 0.05293268119395875, 0.05425433092065813], "val acc": [0.06167279413956053, 0.17873391552883036, 0.4011680455330541, 0.5568014707635435, 0.6672602637725714, 0.7613319548613885, 0.8323491119286593, 0.871511182802565, 0.9045419732437414, 0.9217371327035566, 0.933919271125513, 0.9578163299490424, 0.9604128375649452, 0.9679381133002394, 0.973682598594357, 0.9775850185576607, 0.9804074759869015, 0.9844286156927838, 0.9832797186339602, 0.9836780030061217]}}