{"fold 1": {"train loss": [3.3652992064461977, 3.151706163716667, 2.369749739108722, 1.7684080621556326, 1.3129233593559435, 0.9723754580516157, 0.7254642773255268, 0.5541288701488694, 0.42069591646192267, 0.3395802943063351, 0.27692534779677846, 0.2243246427114012, 0.19103170693543853, 0.16099739738445584, 0.13596036800642183, 0.11577504988749485, 0.1006463943665628, 0.08732672895840714, 0.08192019624659545, 0.07728721293995686], "train acc": [0.046200022977941166, 0.10884363511029405, 0.3009392233455883, 0.46607881433823545, 0.5979003906249998, 0.6968922334558815, 0.7682674632352942, 0.8220502068014701, 0.8628504136029409, 0.8903664981617648, 0.9092658547794118, 0.9261259191176471, 0.9382898667279412, 0.9479406020220589, 0.9557387408088235, 0.9624741498161765, 0.9678452435661765, 0.9724839154411765, 0.9741498161764706, 0.9754423253676471], "val loss": [3.3504782406722797, 2.806535103741815, 2.0531065393896664, 1.431300316663349, 0.9656947320875, 0.6765107841176148, 0.4867509780999492, 0.30710057125372053, 0.2242921288946972, 0.1896462987231858, 0.11438042344525456, 0.10102025775567573, 0.06915036690257051, 0.057213608490522296, 0.04021660880158273, 0.04062563465798602, 0.03250757879783018, 0.024211237967178664, 0.02296219065080068, 0.022969114378450766], "val acc": [0.055633425274316, 0.16765088850961013, 0.37297028193579, 0.542846201097264, 0.7100298715864913, 0.790617341066108, 0.8493527883992475, 0.8976868877516073, 0.9242493874009918, 0.9384420961141586, 0.9625995715751368, 0.9636833641458961, 0.9788564649574897, 0.9818435973104309, 0.9877642463235294, 0.9886259191176471, 0.990234375, 0.9933938419117647, 0.994140625, 0.9940257352941176]}}