{"fold 1": {"train loss": [3.4289683388436543, 1.9441692317452488, 0.3918411683852733, 0.1227392635979308, 0.06560473240097052, 0.042627242305624195, 0.03277773499490541, 0.02811893025842865, 0.02529960621905046, 0.023570928127703478], "train acc": [0.05382582720588235, 0.5811839384191173, 0.9444221047794118, 0.9800809972426471, 0.9886690027573529, 0.9924890854779411, 0.9932358685661765, 0.9942124310661765, 0.9950453814338235, 0.9953182444852942], "val loss": [2.909084290266037, 0.5511190461761816, 0.08447807473952278, 0.029442404615966714, 0.013851393538061528, 0.008974125735489105, 0.006716049461187247, 0.0059058019422295995, 0.005148426419028135, 0.005075224067481672], "val acc": [0.20443091311437242, 0.9519646141458961, 0.9943129595588235, 0.9984489889705882, 0.9996553308823529, 0.9998276654411765, 0.9997127757352942, 0.9998276654411765, 0.9998276654411765, 0.9998276654411765]}, "fold 2": {"train loss": [3.385893201345906, 1.9005760207005284, 0.40086922615163867, 0.1259622043375308, 0.06607096684456326, 0.043645676772404655, 0.03264576954311715, 0.02692705150633735, 0.024851243223512197, 0.023011652402655115], "train acc": [0.06428079044117652, 0.5950568704044121, 0.9401424632352943, 0.9789177389705882, 0.9889275045955882, 0.9915125229779411, 0.9940544577205882, 0.9949161305147058, 0.9950741038602942, 0.9958208869485294], "val loss": [2.8701469424892876, 0.5132845175616874, 0.0897962218698333, 0.029090946334797668, 0.01437542581355528, 0.008899394299506267, 0.006119712012792554, 0.005381995240253778, 0.005063271420487368, 0.0048540263019009105], "val acc": [0.2814031863475547, 0.9502910542137483, 0.9951171875, 0.9990234375, 0.9994829963235294, 0.9998851102941176, 1.0, 1.0, 1.0, 1.0]}, "fold 3": {"train loss": [3.4144976822768944, 1.8290080440723695, 0.37396672253688673, 0.1197742062470162, 0.06396856075940281, 0.04145722208126886, 0.03137206926005418, 0.026992760877285887, 0.02424149821180276, 0.023541134139283222], "train acc": [0.061767578125, 0.6157226562499991, 0.9449103860294118, 0.9808421415441176, 0.9887551700367647, 0.9926901424632353, 0.99365234375, 0.9944422104779411, 0.9953900505514706, 0.9953182444852942], "val loss": [2.875200608197381, 0.5475238853079434, 0.09092061492778801, 0.03220431891489115, 0.014485445414560245, 0.009434192095581884, 0.006966342269579934, 0.006064844451269463, 0.005495032504447462, 0.005585997269543654], "val acc": [0.26306295964647747, 0.9421760115553351, 0.994251685545725, 0.9982766544117647, 0.9995404411764706, 0.9996553308823529, 0.9997127757352942, 0.9998276654411765, 0.9997702205882353, 0.9997702205882353]}, "fold 4": {"train loss": [3.424025923232822, 1.8191820478943315, 0.3604039428207805, 0.11308717975043699, 0.061085329565685305, 0.038831256074926775, 0.030965243928863705, 0.025289659607070088, 0.022448086352275867, 0.022341508985846303], "train acc": [0.054227941176470576, 0.6182933134191172, 0.947696461397059, 0.9825654871323529, 0.9893583409926471, 0.9931353400735294, 0.9940257352941176, 0.9952177159926471, 0.9958639705882353, 0.9955193014705882], "val loss": [2.900578405927209, 0.5970105647164233, 0.08980819785638766, 0.02979335666853277, 0.014627355575451957, 0.009722882905728458, 0.007295445545905216, 0.006113330292625024, 0.005624156539424268, 0.005522005739347899], "val acc": [0.2194125307176043, 0.9343060667023939, 0.995228248045725, 0.9986787683823529, 0.9990808823529411, 0.9995404411764706, 0.9995978860294118, 0.9995978860294118, 0.9997127757352942, 0.9996553308823529]}, "fold 5": {"train loss": [3.3920218655291725, 1.9186117569642032, 0.3928084304926041, 0.12369187522734336, 0.06464419140470185, 0.04315867249833367, 0.0323144112048527, 0.027344744779624945, 0.0256276050422457, 0.023437519729401085], "train acc": [0.06917796415441181, 0.5915383731617647, 0.9422248391544116, 0.9796214384191176, 0.9889418658088235, 0.9919146369485294, 0.9937815946691176, 0.9946001838235294, 0.9948874080882353, 0.9952895220588235], "val loss": [2.9272195802015415, 0.5690168374601532, 0.09144373851663926, 0.029379401917514557, 0.013692938113201629, 0.008764045018538393, 0.0068515152567723645, 0.005655857700142352, 0.005271622443722342, 0.005145314106758794], "val acc": [0.24522824760745554, 0.9327588852714089, 0.9941980698529411, 0.9989659926470589, 0.9995978860294118, 0.9997702205882353, 0.9997702205882353, 0.9996553308823529, 0.9998276654411765, 0.9998276654411765]}}